{"cameraMode":{"drawMode":0,"name":"Shaded","section":"Shading Mode"},"sceneLighting":false,"audioPlay":false,"sceneViewState":{"showFog":true,"showMaterialUpdate":false,"showSkybox":true,"showFlares":true,"showImageEffects":true,"showParticleSystems":true},"in2DMode":false,"pivot":{"x":-0.6667507290840149,"y":-0.7855930328369141,"z":0.6023707389831543},"rotation":{"x":-0.48252803087234499,"y":0.07914375513792038,"z":-0.043832890689373019,"w":-0.8711955547332764},"size":22.0,"orthographic":true}