{"cameraMode":{"drawMode":0,"name":"Shaded","section":"Shading Mode"},"sceneLighting":true,"audioPlay":false,"sceneViewState":{"showFog":true,"showMaterialUpdate":false,"showSkybox":true,"showFlares":true,"showImageEffects":true,"showParticleSystems":true},"in2DMode":false,"pivot":{"x":0.2280675172805786,"y":0.9056396484375,"z":-0.26284530758857729},"rotation":{"x":0.37360456585884097,"y":0.6148043274879456,"z":-0.4093337953090668,"w":0.5611426830291748},"size":4.4755964279174809,"orthographic":true}