{"cameraMode":{"drawMode":0,"name":"Shaded","section":"Shading Mode"},"sceneLighting":false,"audioPlay":false,"sceneViewState":{"showFog":true,"showMaterialUpdate":false,"showSkybox":true,"showFlares":true,"showImageEffects":true,"showParticleSystems":true},"in2DMode":false,"pivot":{"x":933.76953125,"y":404.7801513671875,"z":-6.75},"rotation":{"x":-0.047672536224126819,"y":-0.007493963930755854,"z":-0.00036053991061635315,"w":0.9988349080085754},"size":448.6782531738281,"orthographic":true}