{"cameraMode":{"drawMode":0,"name":"Shaded","section":"Shading Mode"},"sceneLighting":false,"audioPlay":false,"sceneViewState":{"showFog":true,"showMaterialUpdate":false,"showSkybox":true,"showFlares":true,"showImageEffects":true,"showParticleSystems":true},"in2DMode":false,"pivot":{"x":412.2819519042969,"y":247.8505401611328,"z":0.0},"rotation":{"x":-0.047672536224126819,"y":-0.007493963930755854,"z":-0.00036053991061635315,"w":0.9988349080085754},"size":267.3023681640625,"orthographic":true}