{"cameraMode":{"drawMode":0,"name":"Shaded","section":"Shading Mode"},"sceneLighting":true,"audioPlay":false,"sceneViewState":{"showFog":true,"showMaterialUpdate":false,"showSkybox":true,"showFlares":true,"showImageEffects":true,"showParticleSystems":true},"in2DMode":false,"pivot":{"x":4.146729469299316,"y":0.25,"z":0.5124773979187012},"rotation":{"x":0.3775769770145416,"y":0.19766345620155335,"z":-0.08284918963909149,"w":0.9008334279060364},"size":2.479022264480591,"orthographic":true}