{"cameraMode":{"drawMode":0,"name":"Shaded","section":"Shading Mode"},"sceneLighting":true,"audioPlay":false,"sceneViewState":{"showFog":true,"showMaterialUpdate":false,"showSkybox":true,"showFlares":true,"showImageEffects":true,"showParticleSystems":true},"in2DMode":false,"pivot":{"x":-2.980232238769531e-7,"y":0.9999994039535523,"z":-2.8578851222991945},"rotation":{"x":-0.6126362681388855,"y":0.0030889541376382114,"z":-0.002393531845882535,"w":-0.7903553247451782},"size":15.566740036010743,"orthographic":true}