{"cameraMode":{"drawMode":0,"name":"Shaded","section":"Shading Mode"},"sceneLighting":true,"audioPlay":false,"sceneViewState":{"showFog":true,"showMaterialUpdate":false,"showSkybox":true,"showFlares":true,"showImageEffects":true,"showParticleSystems":true},"in2DMode":false,"pivot":{"x":-0.616943359375,"y":-0.00390625,"z":-1.8486328125},"rotation":{"x":0.004871822893619537,"y":0.8922812938690186,"z":-0.4513508379459381,"w":0.009637233801186085},"size":15.738768577575684,"orthographic":true}