{"cameraMode":{"drawMode":0,"name":"Shaded","section":"Shading Mode"},"sceneLighting":false,"audioPlay":false,"sceneViewState":{"showFog":true,"showMaterialUpdate":false,"showSkybox":true,"showFlares":true,"showImageEffects":true,"showParticleSystems":true},"in2DMode":false,"pivot":{"x":-5.935595989227295,"y":0.27067700028419497,"z":-0.018188301473855974},"rotation":{"x":-0.06236205995082855,"y":-0.567200243473053,"z":0.043132249265909198,"w":-0.8200820088386536},"size":22.0,"orthographic":true}