{"cameraMode":{"drawMode":0,"name":"Shaded","section":"Shading Mode"},"sceneLighting":false,"audioPlay":false,"sceneViewState":{"showFog":true,"showMaterialUpdate":false,"showSkybox":true,"showFlares":true,"showImageEffects":true,"showParticleSystems":true},"in2DMode":false,"pivot":{"x":-6.0166168212890629,"y":0.6477757692337036,"z":-0.4566271901130676},"rotation":{"x":-0.14350689947605134,"y":-0.1546037644147873,"z":0.02270226925611496,"w":-0.977234959602356},"size":3.3651983737945558,"orthographic":false}