{"cameraMode":{"drawMode":0,"name":"Shaded","section":"Shading Mode"},"sceneLighting":true,"audioPlay":false,"sceneViewState":{"showFog":true,"showMaterialUpdate":false,"showSkybox":true,"showFlares":true,"showImageEffects":true,"showParticleSystems":true},"in2DMode":false,"pivot":{"x":-0.631352961063385,"y":1.5816196203231812,"z":0.6878392100334168},"rotation":{"x":0.6577135920524597,"y":-0.012427084147930146,"z":0.010853217914700508,"w":0.7530874609947205},"size":12.200928688049317,"orthographic":false}