{"cameraMode":{"drawMode":0,"name":"Shaded","section":"Shading Mode"},"sceneLighting":false,"audioPlay":false,"sceneViewState":{"showFog":true,"showMaterialUpdate":false,"showSkybox":true,"showFlares":true,"showImageEffects":true,"showParticleSystems":true},"in2DMode":false,"pivot":{"x":-5.937822341918945,"y":0.3152047395706177,"z":-0.06092149019241333},"rotation":{"x":-0.7233604192733765,"y":-0.053216952830553058,"z":0.05610276013612747,"w":-0.6861268877983093},"size":1.2846746444702149,"orthographic":false}