{"cameraMode":{"drawMode":0,"name":"Shaded","section":"Shading Mode"},"sceneLighting":true,"audioPlay":false,"sceneViewState":{"showFog":true,"showMaterialUpdate":false,"showSkybox":true,"showFlares":true,"showImageEffects":true,"showParticleSystems":true},"in2DMode":false,"pivot":{"x":-5.6451945304870609,"y":0.27067577838897707,"z":0.011885007843375206},"rotation":{"x":-0.5616707801818848,"y":0.04264356568455696,"z":-0.029003316536545755,"w":-0.8257519602775574},"size":16.863069534301759,"orthographic":true}