{"cameraMode":{"drawMode":0,"name":"Shaded","section":"Shading Mode"},"sceneLighting":false,"audioPlay":false,"sceneViewState":{"showFog":true,"showMaterialUpdate":false,"showSkybox":true,"showFlares":true,"showImageEffects":true,"showParticleSystems":true},"in2DMode":false,"pivot":{"x":-2.6600425243377687,"y":0.24999991059303285,"z":-0.8462640047073364},"rotation":{"x":0.1288527548313141,"y":-0.6550328731536865,"z":0.11473377048969269,"w":0.735639214515686},"size":1.0585285425186158,"orthographic":true}